Lauren_Sorting,Sample,Day,Species,Sample_ID,Differentiation_batch,Sex,Passage_at_seed,Start_Date,Density_At_Seed,Harvest_time,Harvest_density,Purity,Max_Purity,RNA_Extraction_Date,RNA_conc,RIN,260_280_RNA,260_230_RNA,DNA_Conc,Lib_prep_batch,Lib_well,Lib_conc,_L_sample,_L_EB,Index_seq,Seq_pool,SampleID,Seq_file_r1,Lane_r1,Mseqs_r1,Total_lanereads_r1,Lane_prop_r1,Dups_r1,GC_r1,Seq_file_r2,Lane_r2,Mseqs_r2,Total_lanereads_r2,Lane_prop_r2,Dups_r2,GC_r2,Total_reads
1,D0_20157,0,human,H1A,1,F,25,8/24/15,0.293714286,12:18,0.034371429,NA,NA,11/2/15,2825,10,1.95,1.96,96.5,1,H4,111,4.504504505,45.4954955,CCGTCC,2,S32,YG-ST-pl2-D020157_S32_L003_R1_001,L003,14.6,354.4,0.041196388,0.468,0.5,YG-ST-pl2-D020157_S32_L002_R1_001,L002,22.1,379.8,0.05818852,0.523,0.5,36.7
2,D0_20961,0,human,H2,1,M,20,8/24/15,0.152871429,12:18,0.018514286,NA,NA,2/19/16,1714,10,1.95,1.7,108.9,1,H1,241,2.074688797,47.9253112,ACTTGA,1,S8,YG-ST-pl1-D020961_S8_L002_R1_001,L002,47,353.1,0.133106769,0.566,0.49,YG-ST-pl1-D020961_S8_L001_R1_001,L001,10.5,367.7,0.028555888,0.377,0.49,57.5
3,D0_21792,0,human,H3,1,F,24,8/24/15,0.139242857,12:18,0.034028571,NA,NA,2/19/16,2261,9.9,1.9,1.72,88.4,1,D1,205,2.43902439,47.56097561,TGACCA,1,S4,YG-ST-pl1-D021792_S4_L002_R1_001,L002,24,353.1,0.067969414,0.561,0.5,YG-ST-pl1-D021792_S4_L001_R1_001,L001,15.8,367.7,0.042969812,0.5,0.49,39.8
4,D0_28126,0,human,H4,2,M,21,1/6/16,0.291428571,1:30 PM,0.009428571,0.823,NA,1/12/16,821,10,1.97,1.57,74.8,2,D8,10.4,48.07692308,1.923076923,TGACCA,3,S36,YG-ST-pl3-D028162_S36_L004_R1_001,L004,14,379.6,0.036880927,0.47,0.5,YG-ST-pl3-D028162_S36_L003_R1_001,L003,63.7,392.6,0.162251656,0.7,0.5,77.7
5,D0_28815,0,human,H5A,1,M,27,8/24/15,0.179771429,12:18,0.019885714,NA,NA,10/29/15,1869,9.9,1.9,1.97,157.3,1,D3,344,1.453488372,48.54651163,CTTGTA,2,S28,YG-ST-pl2-D028815_S28_L003_R1_001,L003,5,354.4,0.014108352,0.338,0.5,YG-ST-pl2-D028815_S28_L002_R1_001,L002,34.9,379.8,0.091890469,0.559,0.5,39.9
6,D0_28815_0116,0,human,H5B,2,M,23,1/6/16,0.228571429,1:30 PM,0.017171429,0.857,NA,1/13/16,737,10,1.91,1.27,120,2,D10,236,2.118644068,47.88135593,CTTGTA,4,S60,YG-ST-pl4-D0288150116_S60_L005_R1_001,L005,31.1,375.1,0.082911224,0.523,0.49,YG-ST-pl4-D0288150116_S60_L004_R1_001,L004,20.6,395.1,0.052138699,0.487,0.49,51.7
7,D0_29089,0,human,H6,2,F,23,1/6/16,NA,1:30 PM,0.021757143,0.862,NA,1/13/16,1272,10,1.88,1.67,356.9,2,H10,363,1.377410468,48.62258953,CTTGTA,3,S44,YG-ST-pl3-D029089_S44_L004_R1_001,L004,13.8,379.6,0.036354057,0.427,0.5,YG-ST-pl3-D029089_S44_L003_R1_001,L003,16.7,392.6,0.042536933,0.448,0.5,30.5
8,D0_3647,0,chimp,C1A,1,F,26,8/24/15,0.179485714,12:18,0.015985714,NA,NA,2/19/16,955,10,1.88,1.39,256.9,1,H2,10.6,47.16981132,2.830188679,ACTTGA,2,S24,YG-ST-pl2-D03647_S24_L003_R1_001,L003,22.1,354.4,0.062358916,0.7,0.47,YG-ST-pl2-D03647_S24_L002_R1_001,L002,21.6,379.8,0.056872038,0.689,0.47,43.7
9,D0_3647_0116,0,chimp,C1B,2,F,24,1/6/16,0.233357143,1:30 PM,0.025542857,0.799,NA,1/15/16,919,10,1.84,1.96,190.6,2,D9,28,17.85714286,32.14285714,TGACCA,4,S52,YG-ST-pl4-D036470116_S52_L005_R1_001,L005,200.2,375.1,0.53372434,0.765,0.49,YG-ST-pl4-D036470116_S52_L004_R1_001,L004,22.3,395.1,0.056441407,0.565,0.49,222.5
10,D0_3649,0,chimp,C2A,1,M,29,8/24/15,0.195557143,12:18,0.041657143,NA,NA,2/19/16,1183,9.9,1.97,1.66,101,1,D2,322,1.552795031,48.44720497,TGACCA,2,S20,YG-ST-pl2-D03649_S20_L003_R1_001,L003,14.7,354.4,0.041478555,0.456,0.5,YG-ST-pl2-D03649_S20_L002_R1_001,L002,13.4,379.8,0.035281727,0.458,0.5,28.1
11,D0_3649_0116,0,chimp,C2B,2,M,25,1/6/16,0.347142857,1:30 PM,0.0233,0.956,NA,1/13/16,1365,9.8,1.91,1.7,88.1,2,H11,455,1.098901099,48.9010989,CCGTCC,4,S64,YG-ST-pl4-D036490116_S64_L005_R1_001,L005,6.5,375.1,0.017328712,0.394,0.5,YG-ST-pl4-D036490116_S64_L004_R1_001,L004,8,395.1,0.020248038,0.429,0.5,14.5
12,D0_40300,0,chimp,C3A,1,F,23,8/24/15,0.183085714,12:18,0.057685714,NA,NA,11/2/15,745,9.1,1.96,0.09,57.1,1,D4,127,3.937007874,46.06299213,CCGTCC,1,S16,YG-ST-pl1-D040300_S16_L002_R1_001,L002,36.1,353.1,0.102237327,0.554,0.5,YG-ST-pl1-D040300_S16_L001_R1_001,L001,9.3,367.7,0.025292358,0.401,0.5,45.4
13,D0_40300_0116,0,chimp,C3B,2,F,22,1/6/16,0.367857143,1:30 PM,0.0127,0.881,NA,1/13/16,1050,10,1.86,1.68,217.6,2,D11,330,1.515151515,48.48484848,CCGTCC,3,S48,YG-ST-pl3-D0403000116_S48_L004_R1_001,L004,25.6,379.6,0.06743941,0.514,0.5,YG-ST-pl3-D0403000116_S48_L003_R1_001,L003,12.1,392.6,0.030820173,0.418,0.49,37.7
14,D0_4955,0,chimp,C4A,1,M,25,8/24/15,0.201828571,12:18,0.041428571,NA,NA,10/29/15,2356,9.8,1.94,1.77,97.9,1,H3,10.5,47.61904762,2.380952381,CTTGTA,1,S12,YG-ST-pl1-D04955_S12_L002_R1_001,L002,51.2,353.1,0.145001416,0.619,0.49,YG-ST-pl1-D04955_S12_L001_R1_001,L001,56.6,367.7,0.153929834,0.625,0.49,107.8
15,D0_4955_0116,0,chimp,C4B,2,M,23,1/6/16,0.267857143,1:30 PM,0.015428571,0.872,NA,1/12/16,884,10,1.9,1.87,99.6,2,H8,543,0.920810313,49.07918969,ACTTGA,3,S40,YG-ST-pl3-D049550116_S40_L004_R1_001,L004,36.3,379.6,0.095626976,0.651,0.53,YG-ST-pl3-D049550116_S40_L003_R1_001,L003,7,392.6,0.017829852,0.511,0.53,43.3
16,D1_20157,1,human,H1A,1,F,25,8/24/15,0.293714286,12:30,0.023024476,NA,NA,11/2/15,2994,9.9,1.9,1.38,115.8,1,G4,126,3.968253968,46.03174603,ATGTCA,2,S31,YG-ST-pl2-D120157_S31_L003_R1_001,L003,52.1,354.4,0.147009029,0.595,0.5,YG-ST-pl2-D120157_S31_L002_R1_001,L002,15.5,379.8,0.040810953,0.459,0.5,67.6
17,D1_20157_0116,1,human,H1B,2,F,23,1/6/16,0.228571429,1:20 PM,0.038824989,0.7302,0.929,1/15/16,926,10,1.91,1.98,178.5,2,G9,477,1.048218029,48.95178197,CAGATC,4,S55,YG-ST-pl4-D1201570116_S55_L005_R1_001,L005,6.7,375.1,0.017861903,0.356,0.49,YG-ST-pl4-D1201570116_S55_L004_R1_001,L004,31.2,395.1,0.07896735,0.553,0.49,37.9
18,D1_20961,1,human,H2,1,M,20,8/24/15,0.152871429,12:10,0.007903846,NA,NA,2/19/16,2359,10,1.9,0.54,191.2,1,G1,485,1.030927835,48.96907216,CAGATC,1,S7,YG-ST-pl1-D120961_S7_L002_R1_001,L002,11,353.1,0.031152648,0.406,0.5,YG-ST-pl1-D120961_S7_L001_R1_001,L001,16.9,367.7,0.045961382,0.454,0.49,27.9
19,D1_21792,1,human,H3,1,F,24,8/24/15,0.139242857,12:30,0.027744755,NA,NA,2/19/16,2206,9.9,1.93,1.83,75.7,1,C1,216,2.314814815,47.68518519,TTAGGC,1,S3,YG-ST-pl1-D121792_S3_L002_R1_001,L002,8.2,353.1,0.023222883,0.389,0.5,YG-ST-pl1-D121792_S3_L001_R1_001,L001,33.4,367.7,0.09083492,0.556,0.49,41.6
20,D1_28126,1,human,H4,2,M,21,1/6/16,0.291428571,1:05 PM,0.020454443,0.7296,0.837,1/12/16,1004,10,1.87,0.45,151.7,2,C8,252,1.984126984,48.01587302,TTAGGC,3,S35,YG-ST-pl3-D128162_S35_L004_R1_001,L004,11.2,379.6,0.029504742,0.41,0.5,YG-ST-pl3-D128162_S35_L003_R1_001,L003,44.7,392.6,0.113856342,0.577,0.5,55.9
21,D1_28815,1,human,H5A,1,M,27,8/24/15,0.179771429,12:30,0.01284965,NA,NA,10/29/15,2546,9.7,1.93,0.59,88.3,1,C3,278,1.798561151,48.20143885,GGCTAC,2,S27,YG-ST-pl2-D128815_S27_L003_R1_001,L003,12.1,354.4,0.034142212,0.45,0.5,YG-ST-pl2-D128815_S27_L002_R1_001,L002,53.2,379.8,0.140073723,0.625,0.5,65.3
22,D1_28815_0116,1,human,H5B,2,M,23,1/6/16,0.228571429,1:20 PM,0.013509247,0.761,0.854,1/13/16,1050,9.7,1.87,1.51,161.3,2,C10,144,3.472222222,46.52777778,GGCTAC,4,S59,YG-ST-pl4-D1288150116_S59_L005_R1_001,L005,29.6,375.1,0.07891229,0.524,0.5,YG-ST-pl4-D1288150116_S59_L004_R1_001,L004,36.4,395.1,0.092128575,0.557,0.5,66
23,D1_29089,1,human,H6,2,F,23,1/6/16,NA,1:05 PM,0.043166441,0.7893,0.848,1/13/16,921,10,1.86,1.92,157.3,2,G10,313,1.597444089,48.40255591,GGCTAC,3,S43,YG-ST-pl3-D129089_S43_L004_R1_001,L004,20.4,379.6,0.05374078,0.482,0.5,YG-ST-pl3-D129089_S43_L003_R1_001,L003,16.8,392.6,0.042791645,0.458,0.5,37.2
24,D1_3647,1,chimp,C1A,1,F,26,8/24/15,0.179485714,12:10,0.002006993,NA,NA,2/19/16,286,10,1.9,1.47,78.5,1,G2,400,1.25,48.75,CAGATC,2,S23,YG-ST-pl2-D13647_S23_L003_R1_001,L003,11,354.4,0.031038375,0.41,0.5,YG-ST-pl2-D13647_S23_L002_R1_001,L002,20.4,379.8,0.05371248,0.496,0.5,31.4
25,D1_3647_0116,1,chimp,C1B,2,F,24,1/6/16,0.233357143,1:20 PM,0.058919711,0.6619,0.743,1/15/16,1246,10,1.91,2.08,217.3,2,C9,547,0.914076782,49.08592322,TTAGGC,4,S51,YG-ST-pl4-D136470116_S51_L005_R1_001,L005,4.4,375.1,0.011730205,0.324,0.5,YG-ST-pl4-D136470116_S51_L004_R1_001,L004,20.1,395.1,0.050873197,0.512,0.49,24.5
26,D1_3649Ê,1,chimp,C2A,1,M,29,8/24/15,0.195557143,12:10,0.042902098,NA,NA,2/19/16,1143,NA,1.99,1.59,96.1,1,C2,323,1.547987616,48.45201238,TTAGGC,2,S19,YG-ST-pl2-D13649_S19_L003_R1_001,L003,6.7,354.4,0.018905192,0.387,0.49,YG-ST-pl2-D13649_S19_L002_R1_001,L002,27.2,379.8,0.07161664,0.552,0.49,33.9
27,D1_3649_0116,1,chimp,C2B,2,M,25,1/6/16,0.347142857,1:20 PM,0.077266576,0.7328,0.84,1/13/16,1382,9.9,1.9,1.51,187.4,2,G11,504,0.992063492,49.00793651,ATGTCA,4,S63,YG-ST-pl4-D136490116_S63_L005_R1_001,L005,10,375.1,0.026659557,0.443,0.49,YG-ST-pl4-D136490116_S63_L004_R1_001,L004,27.7,395.1,0.070108833,0.568,0.49,37.7
28,D1_40300Ê,1,chimp,C3A,1,F,23,8/24/15,0.183085714,12:30,0.035664336,NA,NA,11/2/15,1143,9.3,1.99,1.99,117.3,1,C4,145,3.448275862,46.55172414,ATGTCA,1,S15,YG-ST-pl1-D140300_S15_L002_R1_001,L002,41.6,353.1,0.117813651,0.596,0.49,YG-ST-pl1-D140300_S15_L001_R1_001,L001,11.4,367.7,0.031003535,0.444,0.49,53
29,D1_40300_0116,1,chimp,C3B,2,F,22,1/6/16,0.367857143,1:05 PM,0.00839028,0.6641,0.848,1/13/16,626,10,1.88,1.61,271.7,2,C11,583,0.857632933,49.14236707,ATGTCA,3,S47,YG-ST-pl3-D1403000116_S47_L004_R1_001,L004,18.6,379.6,0.048998946,0.473,0.5,YG-ST-pl3-D1403000116_S47_L003_R1_001,L003,8.9,392.6,0.022669384,0.383,0.5,27.5
30,D1_4955Ê,1,chimp,C4A,1,M,25,8/24/15,0.201828571,12:30,0.050786713,NA,NA,10/29/15,1243,9.6,2,1.13,144.2,1,G3,283,1.766784452,48.23321555,GGCTAC,1,S11,YG-ST-pl1-D14955_S11_L002_R1_001,L002,19.8,353.1,0.056074766,0.534,0.5,YG-ST-pl1-D14955_S11_L001_R1_001,L001,13.3,367.7,0.036170791,0.487,0.49,33.1
31,D1_4955_0116,1,chimp,C4B,2,M,23,1/6/16,0.267857143,1:05 PM,0.0182341,0.7621,0.9,1/12/16,619,10,1.87,1.47,253.6,2,G8,189,2.645502646,47.35449735,CAGATC,3,S39,YG-ST-pl3-D149550116_S39_L004_R1_001,L004,74.2,379.6,0.195468915,0.653,0.5,YG-ST-pl3-D149550116_S39_L003_R1_001,L003,18.5,392.6,0.047121752,0.488,0.5,92.7
32,D2_20157Ê,2,human,H1A,1,F,25,8/24/15,0.293714286,12:10,0.09254062,NA,NA,11/2/15,1273,10,1.94,1.94,80.5,1,F4,187,2.673796791,47.32620321,AGTTCC,2,S30,YG-ST-pl2-D220157_S30_L003_R1_001,L003,50.8,354.4,0.143340858,0.605,0.5,YG-ST-pl2-D220157_S30_L002_R1_001,L002,4.4,379.8,0.011585045,0.341,0.5,55.2
33,D2_20157_0116,2,human,H1B,2,F,23,1/6/16,0.228571429,1:06 PM,0.067388363,0.802,0.823,1/15/16,339,10,1.88,1.97,97.8,2,F9,899,0.556173526,49.44382647,GCCAAT,4,S54,YG-ST-pl4-D2201570116_S54_L005_R1_001,L005,8.4,375.1,0.022394028,0.407,0.5,YG-ST-pl4-D2201570116_S54_L004_R1_001,L004,15.7,395.1,0.039736775,0.5,0.49,24.1
34,D2_20961,2,human,H2,1,M,20,8/24/15,0.152871429,12:10,0.024460857,NA,NA,2/19/16,968,10,1.89,1.65,175.6,1,F1,479,1.043841336,48.95615866,GCCAAT,1,S6,YG-ST-pl1-D220961_S6_L002_R1_001,L002,10.2,353.1,0.028887001,0.4,0.5,YG-ST-pl1-D220961_S6_L001_R1_001,L001,17.1,367.7,0.046505303,0.46,0.5,27.3
35,D2_21792,2,human,H3,1,F,24,8/24/15,0.139242857,12:10,0.065657312,NA,NA,2/19/16,2377,9.9,1.94,1.99,136.1,1,B1,178,2.808988764,47.19101124,CGATGT,1,S2,YG-ST-pl1-D221792_S2_L002_R1_001,L002,16,353.1,0.045312943,0.469,0.51,YG-ST-pl1-D221792_S2_L001_R1_001,L001,31.1,367.7,0.084579821,0.545,0.5,47.1
36,D2_28126,2,human,H4,2,M,21,1/6/16,0.291428571,1:00 PM,0.023579161,0.627,0.763,1/12/16,630,10,1.89,1.63,55.5,2,B8,76,6.578947368,43.42105263,CGATGT,3,S34,YG-ST-pl3-D228162_S34_L004_R1_001,L004,28.1,379.6,0.07402529,0.55,0.5,YG-ST-pl3-D228162_S34_L003_R1_001,L003,43.8,392.6,0.111563933,0.605,0.5,71.9
37,D2_28815,2,human,H5A,1,M,27,8/24/15,0.179771429,12:10,0.025760709,NA,NA,10/29/15,254,7.7,2.05,2.18,NA,1,B3,121,4.132231405,45.8677686,TAGCTT,2,S26,YG-ST-pl2-D228815_S26_L003_R1_001,L003,29.8,354.4,0.084085779,0.454,0.5,YG-ST-pl2-D228815_S26_L002_R1_001,L002,22.6,379.8,0.059505003,0.429,0.5,52.4
38,D2_28815_0116,2,human,H5B,2,M,23,1/6/16,0.228571429,1:06 PM,0.025016915,0.507,0.605,1/13/16,617,10,1.88,1.96,114,2,B10,161,3.105590062,46.89440994,TAGCTT,4,S58,YG-ST-pl4-D2288150116_S58_L005_R1_001,L005,23.9,375.1,0.063716342,0.491,0.5,YG-ST-pl4-D2288150116_S58_L004_R1_001,L004,33.6,395.1,0.085041762,0.548,0.5,57.5
39,D2_29089,2,human,H6,2,F,23,1/6/16,NA,1:00 PM,0.082510149,0.359,0.37,1/13/16,828,10,1.88,1.84,171,2,F10,324,1.543209877,48.45679012,TAGCTT,3,S42,YG-ST-pl3-D229089_S42_L004_R1_001,L004,28.3,379.6,0.07455216,0.511,0.5,YG-ST-pl3-D229089_S42_L003_R1_001,L003,13.4,392.6,0.034131431,0.421,0.5,41.7
40,D2_3647,2,chimp,C1A,1,F,26,8/24/15,0.179485714,12:10,NA,NA,NA,2/19/16,343,10,1.89,1.99,104.7,1,F2,348,1.436781609,48.56321839,GCCAAT,2,S22,YG-ST-pl2-D23647_S22_L003_R1_001,L003,15.8,354.4,0.044582393,0.474,0.5,YG-ST-pl2-D23647_S22_L002_R1_001,L002,24.2,379.8,0.063717746,0.537,0.5,40
41,D2_3647_0116,2,chimp,C1B,2,F,24,1/6/16,0.233357143,1:06 PM,0.143606225,0.895,0.938,1/15/16,658,10,1.82,1.2,121.8,2,B9,522,0.957854406,49.04214559,CGATGT,4,S50,YG-ST-pl4-D236470116_S50_L005_R1_001,L005,4.7,375.1,0.012529992,0.324,0.51,YG-ST-pl4-D236470116_S50_L004_R1_001,L004,26.2,395.1,0.066312326,0.537,0.5,30.9
42,D2_3649,2,chimp,C2A,1,M,29,8/24/15,0.195557143,12:10,0.220580995,NA,NA,2/19/16,923,10,1.95,1.88,110.4,1,B2,199,2.512562814,47.48743719,CGATGT,2,S18,YG-ST-pl2-D23649_S18_L003_R1_001,L003,19.3,354.4,0.054458239,0.537,0.5,YG-ST-pl2-D23649_S18_L002_R1_001,L002,21.4,379.8,0.056345445,0.555,0.5,40.7
43,D2_3649_0116,2,chimp,C2B,2,M,25,1/6/16,0.347142857,1:06 PM,0.215155616,0.898,0.919,1/13/16,306,9.8,1.88,1.92,112.3,2,F11,403,1.240694789,48.75930521,AGTTCC,4,S62,YG-ST-pl4-D236490116_S62_L005_R1_001,L005,6.2,375.1,0.016528926,0.431,0.49,YG-ST-pl4-D236490116_S62_L004_R1_001,L004,23,395.1,0.058213111,0.572,0.48,29.2
44,D2_40300,2,chimp,C3A,1,F,23,8/24/15,0.183085714,12:10,0.093746923,NA,NA,11/2/15,1595,9.6,1.93,2.02,146,1,B4,84,5.952380952,44.04761905,AGTTCC,1,S14,YG-ST-pl1-D240300_S14_L002_R1_001,L002,19.4,353.1,0.054941943,0.51,0.5,YG-ST-pl1-D240300_S14_L001_R1_001,L001,27.3,367.7,0.074245309,0.544,0.5,46.7
45,D2_40300_0116,2,chimp,C3B,2,F,22,1/6/16,0.367857143,1:00 PM,0.014614344,0.604,0.873,1/13/16,819,10,1.87,1.85,148.9,2,B11,350,1.428571429,48.57142857,AGTTCC,3,S46,YG-ST-pl3-D2403000116_S46_L004_R1_001,L004,13,379.6,0.034246575,0.445,0.5,YG-ST-pl3-D2403000116_S46_L003_R1_001,L003,15.8,392.6,0.040244524,0.467,0.5,28.8
46,D2_4955,2,chimp,C4A,1,M,25,8/24/15,0.201828571,12:10,0.140029542,NA,NA,10/29/15,1349,9.6,1.89,1.58,203.8,1,F3,305,1.639344262,48.36065574,TAGCTT,1,S10,YG-ST-pl1-D24955_S10_L002_R1_001,L002,11.1,353.1,0.031435854,0.478,0.5,YG-ST-pl1-D24955_S10_L001_R1_001,L001,13.4,367.7,0.036442752,0.496,0.5,24.5
47,D2_4955_0116,2,chimp,C4B,2,M,23,1/6/16,0.267857143,1:00 PM,0.047750338,0.849,0.927,1/12/16,1205,10,1.89,0.36,123.1,2,F8,219,2.283105023,47.71689498,GCCAAT,3,S38,YG-ST-pl3-D249550116_S38_L004_R1_001,L004,22.2,379.6,0.058482613,0.52,0.51,YG-ST-pl3-D249550116_S38_L003_R1_001,L003,31.4,392.6,0.079979623,0.558,0.51,53.6
48,D3_20157,3,human,H1A,1,F,25,8/24/15,0.293714286,11:56,0.05506993,NA,NA,11/2/15,800,9.3,1.92,2.12,205.1,1,E4,74,6.756756757,43.24324324,AGTCAA,2,S29,YG-ST-pl2-D320157_S29_L003_R1_001,L003,56.3,354.4,0.158860045,0.602,0.49,YG-ST-pl2-D320157_S29_L002_R1_001,L002,17.3,379.8,0.04555029,0.476,0.49,73.6
49,D3_20157_0116,3,human,H1B,2,F,23,1/6/16,0.228571429,1:17 PM,0.034484193,0.391,0.54,1/15/16,466,10,1.87,1.75,117,2,E9,651,0.768049155,49.23195084,ACAGTG,4,S53,YG-ST-pl4-D3201570116_S53_L005_R1_001,L005,4.1,375.1,0.010930419,0.3,0.5,YG-ST-pl4-D3201570116_S53_L004_R1_001,L004,23.3,395.1,0.058972412,0.508,0.5,27.4
50,D3_20961,3,human,H2,1,M,20,8/24/15,0.152871429,11:56,0.014916084,NA,NA,2/19/16,1578,8.9,1.9,2.21,137.2,1,E1,271,1.84501845,48.15498155,ACAGTG,1,S5,YG-ST-pl1-D320961_S5_L002_R1_001,L002,10.8,353.1,0.030586236,0.399,0.51,YG-ST-pl1-D320961_S5_L001_R1_001,L001,22.5,367.7,0.061191188,0.478,0.5,33.3
51,D3_21792,3,human,H3,1,F,24,8/24/15,0.139242857,11:56,0.057692308,NA,NA,2/19/16,1123,9.1,1.9,2.05,171.8,1,A1,134,3.731343284,46.26865672,ATCACG,1,S1,YG-ST-pl1-D321792_S1_L002_R1_001,L002,6.6,353.1,0.018691589,0.347,0.5,YG-ST-pl1-D321792_S1_L001_R1_001,L001,58.1,367.7,0.158009247,0.614,0.49,64.7
52,D3_28126,3,human,H4,2,M,21,1/6/16,0.291428571,1:08 PM,0.02046589,NA,NA,1/12/16,407,10,1.89,1.38,38,2,A8,256,1.953125,48.046875,ATCACG,3,S33,YG-ST-pl3-D328162_S33_L004_R1_001,L004,16.5,379.6,0.043466807,0.463,0.51,YG-ST-pl3-D328162_S33_L003_R1_001,L003,49.9,392.6,0.127101375,0.592,0.51,66.4
53,D3_28815,3,human,H5A,1,M,27,8/24/15,0.179771429,11:56,0.04972028,NA,NA,10/29/15,445,9.6,1.83,1.33,140.9,1,A3,159,3.144654088,46.85534591,GATCAG,2,S25,YG-ST-pl2-D328815_S25_L003_R1_001,L003,18.5,354.4,0.052200903,0.501,0.5,YG-ST-pl2-D328815_S25_L002_R1_001,L002,20.2,379.8,0.053185887,0.515,0.5,38.7
54,D3_28815_0116,3,human,H5B,2,M,23,1/6/16,0.228571429,1:17 PM,0.029866889,0.319,0.543,1/13/16,642,10,1.85,2.05,167.5,2,A10,110,4.545454545,45.45454545,GATCAG,4,S57,YG-ST-pl4-D3288150116_S57_L005_R1_001,L005,18.5,375.1,0.049320181,0.457,0.5,YG-ST-pl4-D3288150116_S57_L004_R1_001,L004,44.6,395.1,0.112882814,0.571,0.5,63.1
55,D3_29089,3,human,H6,2,F,23,1/6/16,NA,1:08 PM,0.082071547,0.077,0.434,1/13/16,306,10,1.87,2,117,2,E10,307,1.628664495,48.3713355,GATCAG,3,S41,YG-ST-pl3-D329089_S41_L004_R1_001,L004,23.1,379.6,0.06085353,0.484,0.5,YG-ST-pl3-D329089_S41_L003_R1_001,L003,13.7,392.6,0.034895568,0.423,0.5,36.8
56,D3_3647,3,chimp,C1A,1,F,26,8/24/15,0.179485714,12:10,NA,NA,NA,2/19/16,135,10,1.69,0.72,60.5,1,E2,303,1.650165017,48.34983498,ACAGTG,2,S21,YG-ST-pl2-D33647_S21_L003_R1_001,L003,10,354.4,0.028216704,0.417,0.5,YG-ST-pl2-D33647_S21_L002_R1_001,L002,37.2,379.8,0.097946288,0.554,0.49,47.2
57,D3_3647_0116,3,chimp,C1B,2,F,24,1/6/16,0.233357143,1:17 PM,0.112412646,0.794,0.87,1/15/16,303,10,1.89,1.94,121.9,2,A9,325,1.538461538,48.46153846,ATCACG,4,S49,YG-ST-pl4-D336470116_S49_L005_R1_001,L005,8.4,375.1,0.022394028,0.387,0.49,YG-ST-pl4-D336470116_S49_L004_R1_001,L004,45.4,395.1,0.114907618,0.592,0.49,53.8
58,D3_3649,3,chimp,C2A,1,M,29,8/24/15,0.195557143,11:56,0.315804196,NA,NA,2/19/16,609,9.4,1.88,2.1,263.9,1,A2,247,2.024291498,47.9757085,ATCACG,2,S17,YG-ST-pl2-D33649_S17_L003_R1_001,L003,15.6,354.4,0.044018059,0.433,0.49,YG-ST-pl2-D33649_S17_L002_R1_001,L002,24.2,379.8,0.063717746,0.489,0.49,39.8
59,D3_3649_0116,3,chimp,C2B,2,M,25,1/6/16,0.347142857,1:17 PM,0.292845258,0.861,0.938,1/13/16,175,9.2,1.83,1.72,106.2,2,E11,625,0.8,49.2,AGTCAA,4,S61,YG-ST-pl4-D336490116_S61_L005_R1_001,L005,5.5,375.1,0.014662757,0.44,0.5,YG-ST-pl4-D336490116_S61_L004_R1_001,L004,9.3,395.1,0.023538345,0.494,0.49,14.8
60,D3_40300,3,chimp,C3A,1,F,23,8/24/15,0.183085714,11:56,0.133216783,NA,NA,11/2/15,1802,9.7,1.88,1.93,214.7,1,A4,120,4.166666667,45.83333333,AGTCAA,1,S13,YG-ST-pl1-D340300_S13_L002_R1_001,L002,17.5,353.1,0.049561031,0.451,0.5,YG-ST-pl1-D340300_S13_L001_R1_001,L001,14.4,367.7,0.039162361,0.425,0.5,31.9
61,D3_40300_0116,3,chimp,C3B,2,F,22,1/6/16,0.367857143,1:08 PM,0.029866889,0.854,0.946,1/13/16,876,10,1.85,0.56,149.9,2,A11,490,1.020408163,48.97959184,AGTCAA,3,S45,YG-ST-pl3-D3403000116_S45_L004_R1_001,L004,18,379.6,0.047418335,0.467,0.5,YG-ST-pl3-D3403000116_S45_L003_R1_001,L003,20.4,392.6,0.051961284,0.48,0.5,38.4
62,D3_4955,3,chimp,C4A,1,M,25,8/24/15,0.201828571,11:56,0.22048951,NA,NA,10/29/15,2356,9.8,1.92,0.82,100.4,1,E3,92.7,5.393743258,44.60625674,GATCAG,1,S9,YG-ST-pl1-D34955_S9_L002_R1_001,L002,22.6,353.1,0.064004531,0.566,0.5,YG-ST-pl1-D34955_S9_L001_R1_001,L001,16.6,367.7,0.045145499,0.518,0.49,39.2
63,D3_4955_0116,3,chimp,C4B,2,M,23,1/6/16,0.267857143,1:08 PM,0.059317804,0.819,0.953,1/12/16,662,10,1.89,1.64,73.5,2,E8,408,1.225490196,48.7745098,ACAGTG,3,S37,YG-ST-pl3-D349550116_S37_L004_R1_001,L004,16.3,379.6,0.042939937,0.456,0.5,YG-ST-pl3-D349550116_S37_L003_R1_001,L003,15.8,392.6,0.040244524,0.463,0.5,32.1
NA,D0_20157_0116,0,human,H1B,2,F,23,1/6/16,0.228571429,1:30 PM,0.014528571,0.887,NA,1/15/16,1141,9.9,1.92,1.97,77.3,2,H9,345,1.449275362,48.55072464,ACTTGA,4,S56,YG-ST-pl4-D0201570116_S56_L005_R1_001,L005,6.9,375.1,0.018395095,0.59,0.49,YG-ST-pl4-D0201570116_S56_L004_R1_001,L004,7.7,395.1,0.019488737,0.612,0.48,14.6
,,,,,,,,,,,,,,,,,,,,,,,,,,,,,,,,,,,,,,,,,,
,,,,,,,,,,,,,,,,,,,,,,,,,,,,,,,,,,,,,,,,,,
,,,,,,,,,,,,,,,,,,,,,,,,,,,,,,,,,,,,,,,,,,
,,,,,,,,,,,,,,,,,,,,,,,,,,,,,,,,,,,,,,,,,,
,,,,,,,,,,,,,,,,,,,,,,,,,,,,,,,,,,,,,,,,,,
,,,,,,,,,,,,,,,,,,,,,,,,,,,,,,,,,,,,,,,,,,
,,,,,,,,,,,,,,,,,,,,,,,,,,,,,,,,,,,,,,,,,,
,,,,,,,,,,,,,,,,,,,,,,,,,,,,,,,,,,,,,,,,,,
,,,,,,,,,,,,,,,,,,,,,,,,,,,,,,,,,,,,,,,,,,
,,,,,,,,,,,,,,,,,,,,,,,,,,,,,,,,,,,,,,,,,,
,,,,,,,,,,,,,,,,,,,,,,,,,,,,,,,,,,,,,,,,,,
,,,,,,,,,,,,,,,,,,,,,,,,,,,,,,,,,,,,,,,,,,
,,,,,,,,,,,,,,,,,,,,,,,,,,,,,,,,,,,,,,,,,,
,,,,,,,,,,,,,,,,,,,,,,,,,,,,,,,,,,,,,,,,,,
,,,,,,,,,,,,,,,,,,,,,,,,,,,,,,,,,,,,,,,,,,
,,,,,,,,,,,,,,,,,,,,,,,,,,,,,,,,,,,,,,,,,,
,,,,,,,,,,,,,,,,,,,,,,,,,,,,,,,,,,,,,,,,,,
,,,,,,,,,,,,,,,,,,,,,,,,,,,,,,,,,,,,,,,,,,
,,,,,,,,,,,,,,,,,,,,,,,,,,,,,,,,,,,,,,,,,,
,,,,,,,,,,,,,,,,,,,,,,,,,,,,,,,,,,,,,,,,,,
,,,,,,,,,,,,,,,,,,,,,,,,,,,,,,,,,,,,,,,,,,
,,,,,,,,,,,,,,,,,,,,,,,,,,,,,,,,,,,,,,,,,,
,,,,,,,,,,,,,,,,,,,,,,,,,,,,,,,,,,,,,,,,,,
,,,,,,,,,,,,,,,,,,,,,,,,,,,,,,,,,,,,,,,,,,
,,,,,,,,,,,,,,,,,,,,,,,,,,,,,,,,,,,,,,,,,,
,,,,,,,,,,,,,,,,,,,,,,,,,,,,,,,,,,,,,,,,,,
,,,,,,,,,,,,,,,,,,,,,,,,,,,,,,,,,,,,,,,,,,
,,,,,,,,,,,,,,,,,,,,,,,,,,,,,,,,,,,,,,,,,,
,,,,,,,,,,,,,,,,,,,,,,,,,,,,,,,,,,,,,,,,,,
,,,,,,,,,,,,,,,,,,,,,,,,,,,,,,,,,,,,,,,,,,
,,,,,,,,,,,,,,,,,,,,,,,,,,,,,,,,,,,,,,,,,,
,,,,,,,,,,,,,,,,,,,,,,,,,,,,,,,,,,,,,,,,,,
,,,,,,,,,,,,,,,,,,,,,,,,,,,,,,,,,,,,,,,,,,
,,,,,,,,,,,,,,,,,,,,,,,,,,,,,,,,,,,,,,,,,,
,,,,,,,,,,,,,,,,,,,,,,,,,,,,,,,,,,,,,,,,,,
,,,,,,,,,,,,,,,,,,,,,,,,,,,,,,,,,,,,,,,,,,
,,,,,,,,,,,,,,,,,,,,,,,,,,,,,,,,,,,,,,,,,,
,,,,,,,,,,,,,,,,,,,,,,,,,,,,,,,,,,,,,,,,,,
,,,,,,,,,,,,,,,,,,,,,,,,,,,,,,,,,,,,,,,,,,
,,,,,,,,,,,,,,,,,,,,,,,,,,,,,,,,,,,,,,,,,,
,,,,,,,,,,,,,,,,,,,,,,,,,,,,,,,,,,,,,,,,,,
,,,,,,,,,,,,,,,,,,,,,,,,,,,,,,,,,,,,,,,,,,
,,,,,,,,,,,,,,,,,,,,,,,,,,,,,,,,,,,,,,,,,,
,,,,,,,,,,,,,,,,,,,,,,,,,,,,,,,,,,,,,,,,,,
,,,,,,,,,,,,,,,,,,,,,,,,,,,,,,,,,,,,,,,,,,
,,,,,,,,,,,,,,,,,,,,,,,,,,,,,,,,,,,,,,,,,,
,,,,,,,,,,,,,,,,,,,,,,,,,,,,,,,,,,,,,,,,,,
,,,,,,,,,,,,,,,,,,,,,,,,,,,,,,,,,,,,,,,,,,
,,,,,,,,,,,,,,,,,,,,,,,,,,,,,,,,,,,,,,,,,,
,,,,,,,,,,,,,,,,,,,,,,,,,,,,,,,,,,,,,,,,,,
,,,,,,,,,,,,,,,,,,,,,,,,,,,,,,,,,,,,,,,,,,
,,,,,,,,,,,,,,,,,,,,,,,,,,,,,,,,,,,,,,,,,,
,,,,,,,,,,,,,,,,,,,,,,,,,,,,,,,,,,,,,,,,,,
,,,,,,,,,,,,,,,,,,,,,,,,,,,,,,,,,,,,,,,,,,
,,,,,,,,,,,,,,,,,,,,,,,,,,,,,,,,,,,,,,,,,,
,,,,,,,,,,,,,,,,,,,,,,,,,,,,,,,,,,,,,,,,,,
,,,,,,,,,,,,,,,,,,,,,,,,,,,,,,,,,,,,,,,,,,
,,,,,,,,,,,,,,,,,,,,,,,,,,,,,,,,,,,,,,,,,,
,,,,,,,,,,,,,,,,,,,,,,,,,,,,,,,,,,,,,,,,,,
,,,,,,,,,,,,,,,,,,,,,,,,,,,,,,,,,,,,,,,,,,
,,,,,,,,,,,,,,,,,,,,,,,,,,,,,,,,,,,,,,,,,,
,,,,,,,,,,,,,,,,,,,,,,,,,,,,,,,,,,,,,,,,,,
,,,,,,,,,,,,,,,,,,,,,,,,,,,,,,,,,,,,,,,,,,
,,,,,,,,,,,,,,,,,,,,,,,,,,,,,,,,,,,,,,,,,,
,,,,,,,,,,,,,,,,,,,,,,,,,,,,,,,,,,,,,,,,,,
,,,,,,,,,,,,,,,,,,,,,,,,,,,,,,,,,,,,,,,,,,